"www.professionallawyer.me","hassan@professionallawyer.me"
"www.businessbid.ae","No email address detected"
"www.winteriorsdecor.com","info@winteriorsdecor.com, infodxb@winteriorsdecor.com"
"www.infinityinnovationsllc.com","info@infinityinnovationsllc.com"
"www.iktransport.com","info@iktransport.com, ibrahimkhantransport@gmail.com"
"www.nascintl.com","info@nascintl.com"
"www.optimal-tec.com","info@nascintl.com"
"www.aljazeerahpcs.net","info@nascintl.com"
"www.crigroup.com","london@crigroup.com, cridxb@crigroup.com, criadgm@crigroup.com, pakistan@crigroup.com, doha@crigroup.com, malaysia@crigroup.com, singapore@crigroup.com, newyork@crigroup.com, info@crigroup.com"
"www.officeoneuae.com","No email address detected"
"www.amidas-securitec.com","info@amidas-securitec.com, sales@amidas-securitec.com"
"www.dubaifitout.net/","sales@khatriinteriors.com"
"www.aj-int.com","contact@aj-int.com"
"www.axisbusrental.com","No email address detected"
"www.thehealingzoneacademy.net","No email address detected"
"www.bha-accountancy.com","No email address detected"
"www.4l.biz","info@4l.biz, info@4L.biz"
"www.oneclickdrive.com/","No email address detected"
"www.cactix.com","hello@youremail.com, info@cactix.com"
"www.masbusrental.com","No email address detected"
"www.dubaifitout.net/","sales@khatriinteriors.com"
"www.almoeavp.com","planerentals@almoe.com"
"www.businessbid.ae","No email address detected"
"www.officeoneuae.com","info@officeoneuae.com"
"www.aj-int.com","contact@aj-int.com"
"www.aj-int.com","contact@aj-int.com"
"www.thehealingzoneacademy.net","No email address detected"
"www.dubaisignage.com","No email address detected"
"www.beontop.ae/","info@beontop.ae, support@beontop.ae"
"www.aceuae.com/","No email address detected"
"www.bestintownservices.ae","info@bestintownservices.ae"
www.ego.ae
"lpmlondon.co.uk/dubai","No email address detected"
"www.impulsecreationdxb.com","contact@impulsecreationdxb.com, mark@impulsecreationdxb.com"
"www.holbornassets.com","No email address detected"
"www.dubaileadingtech.com/","No email address detected"
"www.yyuuggaa.com","No email address detected"
"www.bmeevent.com/","No email address detected"
No email address detected
No email address detected
www.twinklegroup.ae
www.alliancerecruitmentagency.ae/
www.mindspacedigitalsignage.com/
"www.mabelsouq.com/","care@mabelsouq.com"
"www.yallamozo.com/","care@mabelsouq.com"
www.dubaisunshinemassage.com
"thefirstgroup.com/","No email address detected"
"www.aacsh.com/","No email address detected"
www.heyce.com
"www.globalbrandings.com","No email address detected"
"www.itcare-dxb.com","No email address detected"
"www.brandmeadv.com/","No email address detected"
"www.dubaidolphinarium.ae/","info@dubaidolphinarium.ae"
"www.futuretechnologies.ae","sales@futuretechnologies.ae"
www.bushireuae.com
"www.permitsandvisas.com","info@permitsandvisas.com, infouk@permitsandvisas.com"
"www.syncvisas.com/","No email address detected"
"www.dreamcoolacs.com","info@dreamcoolacs.com"
"www.mysaifco.com","info@mysaifco.com"
"www.gdsdxb.com","No email address detected"
"www.twinklegroup.ae","No email address detected"
"www.aacsh.com/","No email address detected"
www.interiors-pcg.com
"www.writingexpertz.com","info@writingexpertz.com"
"www.theredcarpets.com/","No email address detected"
"www.solarandsafety.com","No email address detected"
"www.chocovana.com","No email address detected"
"www.acr.ae","No email address detected"
"www.zurichtransport.com","No email address detected"
"www.jamilmangaltravels.com","No email address detected"
"www.berryflooruae.com","No email address detected"
"www.wonderbusdubai.com","No email address detected"
"www.rngauditors.com/","No email address detected"
"www.shoeglaze.com","No email address detected"
"www.archiesfurnishing.ae","info@archiesfurnishing.ae"
"www.modern-emirates.com","No email address detected"
"www.modern-emirates.com","modemirt@emirates.net.ae, modemirt@gmail.com, info@modern-emirates.com"
"www.integrate.ae","No email address detected"
"www.goldengalaxydubai.com","info@goldengalaxydubai.com"
info@goldengalaxydubai.com
"www.racdecor.com/","info@racdecor.com"
"fcbsdubai.ae/","cs@fcbsglobal.com, info@fcbsglobal.com"
"www.abadubai.com","cs@fcbsglobal.com, info@fcbsglobal.com"
www.emiratesrepairs.ae
"www.thefuturefountain.com","ali@thefuturefountain.com, Info@thefuturefountain.com"
"www.uaeshops.com/index.php?task=view-shops&shop=2899&lang=en","No email address detected"
